{
  "total_samples": 10,
  "num_classes": 9,
  "total_duration": 21.23407614732932,
  "avg_duration": 2.123407614732932,
  "sample_rate": 16000
}